ID,score
1,9.083661437034607
2,8.992141485214233
3,7.69386351108551
4,9.46541965007782
5,0.0003708750955411233
6,9.406619668006897
7,9.023800492286682
8,0.04489661194384098
9,0.03225361928343773
10,0.30983882024884224
11,6.34010910987854
12,0.4398440942168236
13,8.094022870063782
14,8.715885281562805
15,9.686065316200256
16,9.55929696559906
17,9.565739035606384
18,9.005192518234253
19,0.8592717349529266
20,4.400649964809418
21,9.775326251983643
22,0.3050735592842102
23,8.626697063446045
24,9.756970405578613
25,3.2988622784614563
26,8.324828743934631
27,0.9864471107721329
28,8.268988728523254
29,8.800300359725952
30,6.912167072296143
31,9.148709177970886
32,9.231430292129517
33,9.175098538398743
34,0.11101054958999157
35,9.57694947719574
36,7.463507056236267
37,4.804224371910095
38,1.0034046322107315
39,9.549919366836548
40,8.00069510936737
41,8.931830525398254
42,9.436832666397095
43,6.650416851043701
44,8.665308356285095
45,9.353505373001099
46,8.078725337982178
47,9.32931661605835
48,8.87584388256073
49,4.0309372544288635
50,2.3570717871189117
51,9.380788803100586
52,0.0002453779052302707
53,8.425237536430359
54,9.043250679969788
55,0.9976615756750107
56,8.212321996688843
57,9.485899806022644
58,9.047914147377014
59,6.473640951298876e-05
60,9.119212627410889
61,9.783801436424255
62,2.076033353805542
63,0.016032906714826822
64,0.03327955724671483
65,9.410082697868347
66,0.7093323022127151
67,8.17628562450409
68,7.711378335952759
69,2.8313273191452026
70,0.0021151920373085886
71,9.606491327285767
72,0.00018540516975917853
73,8.951815962791443
74,0.12943359091877937
75,2.1768508851528168
76,9.23387885093689
77,2.034529447555542
78,9.076710939407349
79,8.916817307472229
80,0.07596067618578672
81,9.264307618141174
82,7.263450622558594
83,1.680433601140976
84,9.277138710021973
85,8.330939412117004
86,8.460093140602112
87,9.353162050247192
88,9.300800561904907
89,0.051397792994976044
90,8.995828032493591
91,7.5913602113723755
92,9.707319140434265
93,0.023959237150847912
94,9.304892420768738
95,0.49647923558950424
96,6.899920105934143
97,7.464404106140137
98,9.573977589607239
99,0.006711322930641472
100,9.909833669662476
101,8.946464657783508
102,5.35494863986969
103,2.158162146806717
104,8.453927040100098
105,0.7121124118566513
106,8.278654217720032
107,9.571546912193298
108,9.011765122413635
109,9.815750122070312
110,9.151415824890137
111,5.222538709640503
112,9.654788374900818
113,0.25062650442123413
114,8.653885126113892
115,1.5778613090515137
116,5.7494038343429565
117,9.642150402069092
118,9.604414701461792
119,9.364327788352966
120,2.861623466014862
121,8.536311984062195
122,5.446476936340332
123,0.2693112939596176
124,9.60168182849884
125,9.232215285301208
126,9.058424830436707
127,9.121383428573608
128,5.557786822319031
129,8.92336368560791
130,0.3831089287996292
131,9.54210877418518
132,8.236236572265625
133,9.182716608047485
134,8.131331205368042
135,9.48636531829834
136,0.5271211639046669
137,9.873325228691101
138,9.450319409370422
139,7.597770094871521
140,9.271706342697144
141,0.40453504770994186
142,7.7245014905929565
143,9.852917194366455
144,1.2690941989421844
145,0.03556599374860525
146,9.11877155303955
147,9.652047753334045
148,9.61511492729187
149,9.08285140991211
150,4.576268196105957
151,8.516075015068054
152,8.812395334243774
153,0.3857384994626045
154,5.818892121315002
155,0.0008574720413889736
156,9.544534087181091
157,1.7260819673538208
158,8.722008466720581
159,9.603496193885803
160,0.01988602103665471
161,9.29434359073639
162,1.0494045168161392
163,4.483666718006134
164,8.226696848869324
165,9.686957597732544
166,9.059629440307617
167,0.004625793662853539
168,9.15831208229065
169,9.424644112586975
170,1.5164799988269806
171,9.151257276535034
172,9.62797462940216
173,9.53876256942749
174,9.628791809082031
175,6.635833382606506
176,0.13758421875536442
177,1.9226029515266418
178,9.403930902481079
179,0.00027793839763035066
180,8.621304631233215
181,5.697413086891174
182,8.344891667366028
183,8.573052883148193
184,8.97424578666687
185,0.8065061271190643
186,9.552991390228271
187,9.213460683822632
188,0.31540021300315857
189,8.271065950393677
190,8.612478375434875
191,4.472400546073914
192,0.014637663261964917
193,3.114970013484708e-05
194,9.487998485565186
195,8.488311767578125
196,8.717058300971985
197,7.098700404167175
198,9.578211307525635
199,9.559780359268188
200,9.52540397644043
201,0.19052449613809586
202,7.579017281532288
203,0.03806519089266658
204,9.49444591999054
205,2.478843629360199
206,9.68478798866272
207,0.034920056350529194
208,4.594378769397736
209,9.708825945854187
210,9.241241812705994
211,2.951163649559021
212,9.065874218940735
213,0.40101442486047745
214,7.487308979034424
215,2.676038146018982
216,9.592469930648804
217,4.204456210136414
218,6.390988230705261
219,8.615962862968445
220,0.209166519343853
221,1.554209440946579
222,2.2407054901123047
223,2.559029459953308
224,5.56671142578125
225,9.513119459152222
226,6.751205921173096
227,0.03967382479459047
228,9.481834173202515
229,9.641806483268738
230,0.8360495418310165
231,8.467108011245728
232,8.25303852558136
233,0.279205609112978
234,1.5030939877033234
235,4.202674031257629
236,9.434053897857666
237,8.580362796783447
238,9.636046290397644
239,1.5631315112113953
240,9.533491730690002
241,0.3992016613483429
242,9.65100347995758
243,4.1719043254852295
244,9.343223571777344
245,0.023617090191692114
246,0.004680498386733234
247,8.216592073440552
248,9.409180283546448
249,9.590028524398804
250,0.6728225201368332
251,9.624778032302856
252,3.1981122493743896
253,8.497704267501831
254,8.744666576385498
255,1.0076861371999257e-05
256,9.418069124221802
257,7.397407293319702
258,1.6862018406391144
259,7.345888614654541
260,8.764209747314453
261,6.4234960079193115
262,8.612462878227234
263,8.591214418411255
264,7.884950637817383
265,8.970390558242798
266,4.0007683634758
267,9.082125425338745
268,9.879278540611267
269,8.57276201248169
270,8.571943044662476
271,4.79408323764801
272,6.002304553985596
273,0.07350473664700985
274,5.658301115036011
275,8.368269801139832
276,2.950872480869293
277,8.257240056991577
278,0.5010766163468361
279,8.548784852027893
280,9.55869436264038
281,9.258188009262085
282,6.106507778167725
283,8.164958357810974
284,9.725186228752136
285,9.204965233802795
286,8.090137243270874
287,8.390822410583496
288,5.461914539337158
289,9.468863010406494
290,3.1691572070121765
291,7.323362231254578
292,3.0294281244277954
293,1.6842944920063019
294,9.396957159042358
295,9.376991391181946
296,9.650512933731079
297,1.2825000286102295
298,5.982386469841003
299,8.642975091934204
300,0.02317000413313508
301,8.94927442073822
302,9.747880697250366
303,0.39915580302476883
304,9.694457054138184
305,8.853549361228943
306,9.651947617530823
307,4.839523136615753
308,0.0779671361669898
309,8.955910205841064
310,8.870789408683777
311,0.1530726719647646
312,0.00820798275526613
313,9.096115827560425
314,0.139835923910141
315,1.3617181777954102
316,4.625111818313599
317,0.002221086324425414
318,9.06742811203003
319,9.577326774597168
320,0.006274938932619989
321,0.10528300888836384
322,9.098350405693054
323,7.622644901275635
324,5.462554097175598
325,6.327533721923828
326,9.594722390174866
327,8.195473551750183
328,7.659299373626709
329,8.657912611961365
330,7.718724608421326
331,1.314913034439087
332,9.769863486289978
333,0.31778115779161453
334,9.55356478691101
335,9.314436912536621
336,0.5008365958929062
337,1.2157820165157318
338,0.7826881855726242
339,9.477283358573914
340,0.02499042311683297
341,6.890382170677185
342,8.728559017181396
343,0.8109191805124283
344,9.559196829795837
345,0.13443873263895512
346,7.1593177318573
347,8.227164149284363
348,8.669335842132568
349,0.22083720192313194
350,2.092168927192688
351,0.00033010994229698554
352,0.0001409616379532963
353,0.0009787710587261245
354,9.524132013320923
355,9.8297518491745
356,0.01016234396956861
357,8.992908000946045
358,8.64297091960907
359,8.867445588111877
360,9.414172172546387
361,0.007161061512306333
362,9.47356104850769
363,0.03109991317614913
364,2.8597161173820496
365,0.010846654186025262
366,9.581536054611206
367,8.024508953094482
368,9.068194031715393
369,8.711645603179932
370,9.151138663291931
371,3.993178904056549
372,1.8235880136489868
373,9.513916969299316
374,9.147719740867615
375,0.6236911565065384
376,8.553691506385803
377,8.504152297973633
378,9.205245971679688
379,7.947229743003845
380,7.321100831031799
381,8.733201622962952
382,9.470857977867126
383,4.519346356391907
384,9.513093829154968
385,6.889543533325195
386,8.38402509689331
387,8.779780864715576
388,7.566904425621033
389,0.004281580331735313
390,7.477552890777588
391,0.026814343873411417
392,1.0099322348833084
393,9.185141921043396
394,8.838803768157959
395,0.15762131661176682
396,8.648191094398499
397,9.215903282165527
398,3.176058828830719
399,9.599449038505554
400,9.5835280418396
401,6.635040044784546
402,9.393568634986877
403,9.010512828826904
404,8.639259934425354
405,8.984646797180176
406,7.488267421722412
407,9.199812412261963
408,0.5232618376612663
409,0.23725351318717003
410,7.662537097930908
411,1.4882397651672363
412,1.3546952605247498
413,0.049670361913740635
414,9.622366428375244
415,0.04392267670482397
416,9.607380032539368
417,7.748105525970459
418,0.5465783923864365
419,9.292393922805786
420,9.290382862091064
421,9.026427268981934
422,1.9881638884544373
423,9.536049365997314
424,8.936160802841187
425,9.351087212562561
426,8.822931051254272
427,1.4118202030658722
428,0.24644548073410988
429,0.04708616062998772
430,2.5855031609535217
431,6.785552501678467
432,9.049636721611023
433,9.154237508773804
434,8.747292757034302
435,8.948948383331299
436,0.10569500736892223
437,3.082863688468933
438,9.254503846168518
439,8.552992343902588
440,9.471791386604309
441,9.377278685569763
442,1.9328534603118896
443,9.737169742584229
444,1.1818933486938477
445,9.257229566574097
446,6.92494809627533
447,9.358822107315063
448,9.225466847419739
449,9.766898155212402
450,1.0038737207651138
451,9.071182608604431
452,0.3980078175663948
453,9.148537516593933
454,8.944650292396545
455,0.0017875402409117669
456,9.337267875671387
457,8.607795238494873
458,0.15808625146746635
459,9.138668775558472
460,9.263492822647095
461,8.938987851142883
462,0.11517146602272987
463,1.779739260673523
464,9.217408895492554
465,0.05028390325605869
466,9.072043299674988
467,9.334228038787842
468,8.173048496246338
469,5.015946626663208
470,7.685652375221252
471,9.464302659034729
472,9.442482590675354
473,9.342001080513
474,7.912226915359497
475,0.21222367882728577
476,0.0066089542815461755
477,2.24009454541374e-05
478,4.4657763838768005
479,3.3082687854766846
480,0.03451252821832895
481,3.2880109548568726
482,0.4246629774570465
483,5.349305868148804
484,9.492180347442627
485,1.886892169713974
486,8.271065950393677
487,9.374415874481201
488,9.534639120101929
489,9.45772647857666
490,9.602864384651184
491,5.43501615524292
492,7.922967076301575
493,0.0832961592823267
494,0.27731530368328094
495,0.14353469014167786
496,8.707935214042664
497,8.14749538898468
498,0.00015550140233244747
499,8.564450144767761
500,2.4981768429279327
501,0.09587752632796764
502,9.569875001907349
503,4.8660776019096375
504,2.4133001267910004
505,8.88395607471466
506,9.80012834072113
507,8.852052092552185
508,9.640708565711975
509,9.562190771102905
510,8.825968503952026
511,7.952213287353516
512,5.983155369758606
513,9.631616473197937
514,0.022027369122952223
515,9.547123908996582
516,9.098326563835144
517,7.519479990005493
518,9.47089970111847
519,9.136887788772583
520,9.179908633232117
521,9.284604787826538
522,9.351192712783813
523,7.555482387542725
524,9.081318378448486
525,6.947970390319824
526,9.279471635818481
527,0.008280400652438402
528,7.657140493392944
529,7.991420030593872
530,1.3251405954360962
531,2.5919905304908752
532,8.177470564842224
533,5.581541657447815
534,0.006497179856523871
535,7.604053616523743
536,9.2995285987854
537,0.0013539330393541604
538,0.12873015366494656
539,2.836278975009918
540,4.63324248790741
541,0.16435645520687103
542,9.390467405319214
543,0.014206701889634132
544,0.019357316195964813
545,8.504399061203003
546,2.31680765748024
547,9.368649125099182
548,7.843545079231262
549,9.049725532531738
550,0.06402373779565096
551,9.713662266731262
552,9.253197312355042
553,9.786968231201172
554,7.643658518791199
555,1.9142638146877289
556,2.3107412457466125
557,9.763525128364563
558,0.8213022351264954
559,9.74655568599701
560,8.521898984909058
561,0.0020427617710083723
562,0.08121350780129433
563,9.60211455821991
564,5.3208327293396
565,9.221881628036499
566,8.774521946907043
567,7.127233147621155
568,8.803238868713379
569,6.092016696929932
570,9.564611315727234
571,4.805101752281189
572,7.876918911933899
573,0.09221133776009083
574,9.56694781780243
575,0.028626525308936834
576,0.010698324767872691
577,4.139280617237091
578,8.162559270858765
579,0.22234689444303513
580,0.3041725233197212
581,6.877741813659668
582,9.341732859611511
583,9.678093194961548
584,0.0014058878878131509
585,8.51999580860138
586,7.74520218372345
587,9.438069462776184
588,9.488585591316223
589,9.734024405479431
590,0.31658701598644257
591,9.382495880126953
592,9.214100241661072
593,9.283706545829773
594,8.64663302898407
595,8.392025232315063
596,9.349779486656189
597,9.496474266052246
598,0.003606777172535658
599,9.554305672645569
600,9.70341145992279
601,9.144341945648193
602,0.0795688945800066
603,3.0855247378349304
604,0.0011796520266216248
605,0.0021424882288556546
606,4.551346600055695
607,9.472119212150574
608,9.529073238372803
609,0.02656086813658476
610,9.812706708908081
611,9.71112847328186
612,0.09145173244178295
613,9.550181031227112
614,8.913806080818176
615,0.010236143134534359
616,0.20827962085604668
617,0.308668315410614
618,0.11921985074877739
619,8.143907189369202
620,0.004159035161137581
621,1.1522416770458221
622,0.6869783252477646
623,9.736452102661133
624,5.720049142837524
625,9.09167766571045
626,8.737200498580933
627,1.5391051769256592
628,0.052888793870806694
629,9.480175375938416
630,7.101276516914368
631,0.025961995124816895
632,9.16728675365448
633,0.12850342318415642
634,9.527499675750732
635,9.084688425064087
636,9.87233281135559
637,9.474934935569763
638,9.68412160873413
639,0.1738661713898182
640,7.584245204925537
641,9.432422518730164
642,0.3523135930299759
643,5.862224102020264
644,2.000044286251068
645,8.801805973052979
646,3.5618817806243896
647,0.5222633853554726
648,9.516335725784302
649,7.959417104721069
650,8.53150188922882
651,9.35838758945465
652,0.004154351481702179
653,1.827041357755661
654,9.600881338119507
655,8.847838044166565
656,9.335567951202393
657,9.481199383735657
658,9.636998176574707
659,5.545889139175415
660,2.2792187333106995
661,4.608658254146576
662,9.57133173942566
663,0.755767896771431
664,0.008466640720143914
665,3.2305747270584106
666,8.260896801948547
667,1.5137098729610443
668,9.176915884017944
669,0.49106042832136154
670,8.426982164382935
671,9.746155738830566
672,6.819741725921631
673,0.9388013929128647
674,8.523807525634766
675,8.41621994972229
676,7.668806314468384
677,9.66187596321106
678,9.419439435005188
679,8.346152901649475
680,5.022250413894653
681,8.633561134338379
682,0.2630052901804447
683,7.932122349739075
684,7.020285129547119
685,9.620786309242249
686,9.421835541725159
687,9.198081493377686
688,0.0035497319186106324
689,0.00013527420378522947
690,9.19022023677826
691,8.353225588798523
692,9.378295540809631
693,7.162247896194458
694,9.32069718837738
695,9.624584913253784
696,0.00042997562559321523
697,9.087044596672058
698,7.357744574546814
699,8.298967480659485
700,8.643839955329895
701,8.872491717338562
702,8.354247212409973
703,0.03535943338647485
704,9.750398397445679
705,1.1889147758483887
706,8.95539104938507
707,9.348483085632324
708,8.996827602386475
709,0.9276533871889114
710,9.190816283226013
711,0.28087684884667397
712,7.246546745300293
713,9.42564070224762
714,9.55264687538147
715,6.5256160497665405
716,9.165127277374268
717,0.04700698424130678
718,0.004632425552699715
719,8.381806015968323
720,9.763078689575195
721,9.201416969299316
722,6.1344194412231445
723,0.4089023917913437
724,7.648012042045593
725,2.2457008063793182
726,8.887224197387695
727,8.942072987556458
728,5.750764608383179
729,1.69963538646698
730,0.1312458049505949
731,9.23799753189087
732,9.474807381629944
733,8.539354801177979
734,8.89665961265564
735,9.159674644470215
736,4.950109422206879
737,0.5998402088880539
738,8.416716456413269
739,9.518029689788818
740,0.4544007033109665
741,0.49534980207681656
742,0.08500758558511734
743,8.398195505142212
744,8.890185356140137
745,8.545697331428528
746,9.47996199131012
747,9.429600238800049
748,9.33599054813385
749,8.410513997077942
750,3.1449800729751587
751,4.568356573581696
752,9.617514610290527
753,9.232348799705505
754,9.043886661529541
755,8.317785263061523
756,8.531849384307861
757,3.82607638835907
758,0.0028594073955900967
759,9.704205989837646
760,0.15260698273777962
761,6.248937249183655
762,9.678231477737427
763,0.04950406961143017
764,2.7377569675445557
765,8.654046654701233
766,9.271012544631958
767,8.518168330192566
768,6.960232853889465
769,8.541630506515503
770,0.4734782502055168
771,9.724976420402527
772,0.0288195232860744
773,9.284512400627136
774,9.827202558517456
775,0.4100159555673599
776,0.13942652381956577
777,9.572594165802002
778,9.102723002433777
779,9.807444214820862
780,9.070575833320618
781,9.26342785358429
782,8.770591020584106
783,9.659940004348755
784,6.253870129585266
785,8.385239839553833
786,8.948252201080322
787,0.3706561028957367
788,9.521471858024597
789,1.8904995918273926
790,6.512401103973389
791,9.259965419769287
792,4.648471772670746
793,8.92214059829712
794,9.295103549957275
795,9.06206727027893
796,1.2712091207504272
797,8.615095615386963
798,6.769593358039856
799,6.338872313499451
800,9.74431037902832
801,8.581713438034058
802,8.023594617843628
803,0.026176823303103447
804,9.173403978347778
805,0.43260175734758377
806,0.40105123072862625
807,1.1522852629423141
808,3.30346018075943
809,9.551697969436646
810,7.606714367866516
811,8.777241706848145
812,4.5141613483428955
813,0.3503820300102234
814,0.3466402739286423
815,6.498015522956848
816,8.45110535621643
817,0.009827918838709593
818,8.63832175731659
819,8.351864218711853
820,2.716169059276581
821,0.37706494331359863
822,7.752581834793091
823,0.5342238768935204
824,9.110222458839417
825,0.0897907093167305
826,0.0019388491637073457
827,8.648182153701782
828,9.471743702888489
829,4.958876371383667
830,9.746986031532288
831,0.3771800920367241
832,6.003109812736511
833,8.337986469268799
834,8.10408890247345
835,0.08965163491666317
836,8.35187554359436
837,9.671427011489868
838,0.6386097520589828
839,0.018237056210637093
840,9.229347109794617
841,8.246331810951233
842,9.646238088607788
843,9.703381061553955
844,0.028607964050024748
845,0.00023386412067338824
846,0.27667563408613205
847,0.3350967913866043
848,5.734933614730835
849,9.574434161186218
850,9.08404529094696
851,8.637504577636719
852,0.0034327019238844514
853,7.734963297843933
854,9.318123459815979
855,4.735513627529144
856,9.329019784927368
857,0.5495764315128326
858,8.509425520896912
859,8.696882724761963
860,9.145212173461914
861,0.0739266024902463
862,6.909437775611877
863,3.5908031463623047
864,0.29227539896965027
865,9.346335530281067
866,0.10623859241604805
867,2.800586521625519
868,0.006120597245171666
869,0.7550350576639175
870,0.05221997853368521
871,1.4334818720817566
872,9.06031847000122
873,1.2883475422859192
874,9.698508977890015
875,0.055306414142251015
876,8.750904202461243
877,0.000281732645817101
878,8.363345861434937
879,0.0030926131876185536
880,4.921529293060303
881,0.0013511034194380045
882,9.299483895301819
883,8.885526657104492
884,1.6830216348171234
885,1.9546319544315338
886,8.522728681564331
887,9.838169813156128
888,0.03751163138076663
889,0.4538489878177643
890,8.184452652931213
891,7.715451717376709
892,7.238906621932983
893,0.3727830573916435
894,0.15842922031879425
895,9.556894302368164
896,0.16916610300540924
897,8.859068155288696
898,8.924880623817444
899,8.856824040412903
900,4.0006023645401
901,9.047073125839233
902,9.728959798812866
903,0.35706646740436554
904,3.0260124802589417
905,0.24899758398532867
906,9.28990125656128
907,2.3515328764915466
908,9.35257613658905
909,0.05640212446451187
910,0.24579884484410286
911,9.181164503097534
912,7.482212781906128
913,9.493309259414673
914,9.799498915672302
915,9.107314348220825
916,7.465184926986694
917,2.3519594967365265
918,7.632507681846619
919,4.940375983715057
920,8.512586951255798
921,9.093166589736938
922,9.3568354845047
923,9.414618611335754
924,6.5535300970077515
925,9.237967133522034
926,4.419912099838257
927,9.434018731117249
928,0.04607260227203369
929,9.01220977306366
930,9.1055428981781
931,9.24184799194336
932,9.227282404899597
933,0.06670081056654453
934,7.011808753013611
935,3.8007500767707825
936,9.15432095527649
937,6.350318193435669
938,8.933563232421875
939,6.9619035720825195
940,0.1123633049428463
941,6.640176177024841
942,5.796215534210205
943,8.035215139389038
944,8.940075635910034
945,0.041863289661705494
946,9.261692762374878
947,0.5021007731556892
948,8.812753558158875
949,0.03289661603048444
950,9.227904081344604
951,9.615466594696045
952,8.729820847511292
953,0.021907486952841282
954,0.04795979708433151
955,0.7858347147703171
956,3.1891822814941406
957,0.001833887945394963
958,8.264628648757935
959,1.2807157635688782
960,8.461675643920898
961,0.005189664079807699
962,9.11952018737793
963,8.741747736930847
964,0.338829904794693
965,5.258457660675049
966,0.1105291023850441
967,4.873516261577606
968,9.096686840057373
969,9.578692317008972
970,0.67499078810215
971,9.114735126495361
972,9.415059685707092
973,9.066205024719238
974,8.913684487342834
975,9.85061228275299
976,9.275751113891602
977,9.311288595199585
978,6.655813455581665
979,9.203543066978455
980,8.566494584083557
981,9.643164277076721
982,8.650459051132202
983,9.817878007888794
984,7.8157055377960205
985,0.2894527278840542
986,8.43226432800293
987,0.00577169528696686
988,0.006041068118065596
989,0.255400650203228
990,8.228469491004944
991,0.06892450619488955
992,9.517692923545837
993,0.07792043965309858
994,9.697352051734924
995,9.523131847381592
996,0.05604442209005356
997,0.1798797957599163
998,9.742951393127441
999,9.417584538459778
1000,9.723836779594421
1001,0.18028859049081802
1002,0.23636899888515472
1003,9.141576886177063
1004,9.194861054420471
1005,6.325867176055908
1006,0.3216468170285225
1007,6.848309636116028
1008,9.442268013954163
1009,9.522498846054077
1010,8.990644216537476
1011,9.251797199249268
1012,9.434722661972046
1013,8.44816505908966
1014,0.060732350684702396
1015,9.769733548164368
1016,8.406047821044922
1017,8.117491602897644
1018,4.6459004282951355
1019,9.314193725585938
1020,9.432048201560974
1021,7.455655336380005
1022,7.176952958106995
1023,7.225458025932312
1024,5.661523342132568
1025,9.6205735206604
1026,9.609196782112122
1027,9.641004204750061
1028,9.242163300514221
1029,9.551229476928711
1030,9.758644700050354
1031,8.819746375083923
1032,9.376996159553528
1033,8.433013558387756
1034,9.217342138290405
1035,9.271063804626465
1036,0.11296975426375866
1037,0.07110843434929848
1038,9.421219825744629
1039,9.82705295085907
1040,0.7519184798002243
1041,7.30461061000824
1042,0.007323040626943111
1043,0.0663102837279439
1044,0.31778980046510696
1045,1.9588255882263184
1046,4.130824506282806
1047,3.5747534036636353
1048,0.011363903759047389
1049,9.764639139175415
1050,9.224610328674316
1051,0.040248455479741096
1052,6.404503583908081
1053,9.185556769371033
1054,0.0078093179035931826
1055,9.810386300086975
1056,8.491176962852478
1057,0.5318079888820648
1058,9.790306687355042
1059,0.7867814600467682
1060,9.254645705223083
1061,8.374836444854736
1062,8.163561224937439
1063,2.028948664665222
1064,0.03313373774290085
1065,9.691981673240662
1066,0.002018097584368661
1067,5.820490121841431
1068,9.55367386341095
1069,8.67731511592865
1070,8.988471627235413
1071,4.5990777015686035
1072,9.53071117401123
1073,9.774061441421509
1074,9.584280252456665
1075,9.440807700157166
1076,9.43369209766388
1077,3.8318634033203125
1078,7.831257581710815
1079,7.7671462297439575
1080,8.898832201957703
1081,1.7096027731895447
1082,0.3121791407465935
1083,9.552605152130127
1084,7.6437461376190186
1085,4.55935925245285
1086,4.213227331638336
1087,8.34658145904541
1088,0.2544879913330078
1089,9.116463661193848
1090,9.125433564186096
1091,8.703103065490723
1092,0.38782626390457153
1093,9.396830797195435
1094,9.203088879585266
1095,0.1511152647435665
1096,9.58482563495636
1097,0.0020269144442863762
1098,0.0002778286943794228
1099,9.238005876541138
1100,7.641438245773315
1101,9.526532292366028
1102,1.8927361071109772
1103,0.02528740791603923
1104,0.18106341361999512
1105,9.714165329933167
1106,6.720035076141357
1107,8.265515565872192
1108,9.421716928482056
1109,8.770478367805481
1110,8.47015380859375
1111,0.019827180076390505
1112,8.21333110332489
1113,6.5927886962890625
1114,6.7790281772613525
1115,9.168992042541504
1116,0.0007351923704845831
1117,6.495290994644165
1118,0.5970926582813263
1119,8.472566604614258
1120,9.31397259235382
1121,8.976883888244629
1122,2.041672468185425
1123,5.365683436393738
1124,8.53350281715393
1125,9.453335404396057
1126,9.062449932098389
1127,8.360555171966553
1128,8.79510760307312
1129,9.61776077747345
1130,0.0012549704115372151
1131,9.703363180160522
1132,9.680047035217285
1133,0.011766920797526836
1134,9.492495059967041
1135,9.444193840026855
1136,9.3561851978302
1137,0.9106218814849854
1138,5.487770438194275
1139,0.014538642717525363
1140,9.541775584220886
1141,0.042126006446778774
1142,9.835214614868164
1143,4.276634454727173
1144,0.25331417098641396
1145,0.15974488109350204
1146,0.025672977790236473
1147,7.162672281265259
1148,9.246699810028076
1149,0.0005115998283145018
1150,2.234649509191513
1151,2.729739248752594
1152,5.3596031665802
1153,8.202218413352966
1154,3.018483817577362
1155,7.31853187084198
1156,0.027016540989279747
1157,6.82279646396637
1158,4.32710736989975
1159,0.1317419297993183
1160,1.974748820066452
1161,9.315320253372192
1162,0.7833521813154221
1163,0.06999915931373835
1164,0.41744232177734375
1165,8.386366963386536
1166,9.049213528633118
1167,9.613317847251892
1168,9.715547561645508
1169,8.091377019882202
1170,0.00027681817300617695
1171,0.31677696853876114
1172,0.7768753170967102
1173,0.06449853535741568
1174,8.466880321502686
1175,7.924012541770935
1176,4.574375152587891
1177,9.148472547531128
1178,9.194417595863342
1179,0.03450288902968168
1180,9.328659772872925
1181,0.2964877150952816
1182,1.956179291009903
1183,9.64931845664978
1184,9.022276997566223
1185,9.155948758125305
1186,0.015392327914014459
1187,9.737040996551514
1188,9.418025612831116
1189,1.4391689002513885
1190,7.744163274765015
1191,8.238428831100464
1192,0.10022986680269241
1193,0.012931919191032648
1194,7.6571327447891235
1195,9.693579077720642
1196,6.339144706726074
1197,0.0014506722800433636
1198,8.494634628295898
1199,9.058152437210083
1200,0.007634771172888577
1201,0.1047094352543354
1202,0.0016487433458678424
1203,1.7247368395328522
1204,9.557175040245056
1205,9.345716834068298
1206,6.59144401550293
1207,1.051749661564827
1208,0.0018234679009765387
1209,6.0178035497665405
1210,9.631297588348389
1211,0.1361874770373106
1212,9.747750759124756
1213,9.466938972473145
1214,0.008636679267510772
1215,6.428172588348389
1216,9.376035928726196
1217,0.1483996957540512
1218,5.706132650375366
1219,0.1808306761085987
1220,9.289699792861938
1221,2.60836660861969
1222,4.117924869060516
1223,8.884502053260803
1224,0.0003301741890027188
1225,7.005170583724976
1226,0.15827130526304245
1227,8.73633861541748
1228,0.2464495413005352
1229,0.1120181567966938
1230,0.02672195201739669
1231,7.707735300064087
1232,8.837006688117981
1233,9.431759715080261
1234,9.538258910179138
1235,0.02034464618191123
1236,1.7947730422019958
1237,7.054614424705505
1238,8.890249133110046
1239,5.859120488166809
1240,8.153449296951294
1241,9.185807704925537
1242,9.022191166877747
1243,0.15168406069278717
1244,9.734485149383545
1245,6.582493782043457
1246,0.23958232253789902
1247,6.556846499443054
1248,9.639237523078918
1249,9.671274423599243
1250,8.152633309364319
1251,8.370413780212402
1252,9.365435242652893
1253,5.7977259159088135
1254,0.3974979743361473
1255,0.14543162658810616
1256,3.5769540071487427
1257,0.05280983168631792
1258,9.669765830039978
1259,0.04155689384788275
1260,9.637545347213745
1261,4.2548927664756775
1262,9.571259617805481
1263,8.433879613876343
1264,9.801275730133057
1265,9.34344470500946
1266,0.05933650303632021
1267,5.420717000961304
1268,9.438934922218323
1269,9.727298021316528
1270,8.974018096923828
1271,0.4379652813076973
1272,8.817837238311768
1273,9.188923835754395
1274,9.509968161582947
1275,9.09862756729126
1276,8.900976777076721
1277,9.069077372550964
1278,9.316074252128601
1279,4.800063371658325
1280,0.005378230707719922
1281,8.73970091342926
1282,9.881389737129211
1283,9.68509554862976
1284,9.490700364112854
1285,1.507636159658432
1286,9.773147106170654
1287,0.13238254934549332
1288,9.010832905769348
1289,0.3177168220281601
1290,9.578558206558228
1291,0.00041474741010461
1292,8.20382833480835
1293,0.00017897391444421373
1294,0.03790989285334945
1295,6.989978551864624
1296,1.1175104230642319
1297,9.084517359733582
1298,9.800053834915161
1299,9.43505346775055
1300,8.608322739601135
1301,9.338483810424805
1302,5.648239850997925
1303,9.420632719993591
1304,0.12619897723197937
1305,9.161311388015747
1306,0.009980015456676483
1307,0.016682761488482356
1308,4.154217541217804
1309,0.0052206829423084855
1310,5.867340564727783
1311,9.335057735443115
1312,0.0762758543714881
1313,1.0078945755958557
1314,9.068251848220825
1315,9.84456181526184
1316,1.5991751849651337
1317,8.77335011959076
1318,8.034350275993347
1319,9.617785811424255
1320,0.32012663781642914
1321,1.437268704175949
1322,1.9506260752677917
1323,9.353057146072388
1324,0.0035799271427094936
1325,0.02967796754091978
1326,9.645028114318848
1327,0.14998636208474636
1328,8.89018714427948
1329,8.645412921905518
1330,8.93794596195221
1331,8.00595223903656
1332,0.8625215291976929
1333,9.09304141998291
1334,0.7428970187902451
1335,9.794173836708069
1336,8.602265119552612
1337,0.39996229112148285
1338,2.7713948488235474
1339,0.3558317571878433
1340,0.2897484786808491
1341,8.696403503417969
1342,9.26622211933136
1343,7.033153772354126
1344,0.004829816170968115
1345,0.41930388659238815
1346,0.18583280965685844
1347,9.493826031684875
1348,0.14076082035899162
1349,0.055266041308641434
1350,7.548614740371704
1351,9.32060420513153
1352,0.3588717058300972
1353,9.288759231567383
1354,9.76976990699768
1355,1.497882455587387
1356,1.4845877885818481
1357,9.237060546875
1358,1.3489514589309692
1359,5.984828472137451
1360,0.0047383716446347535
1361,6.239386200904846
1362,7.627708315849304
1363,9.315808415412903
1364,6.127055287361145
1365,9.262773990631104
1366,9.71318781375885
1367,6.840840578079224
1368,9.602900743484497
1369,9.43514347076416
1370,9.69544529914856
1371,6.670706272125244
1372,8.846656084060669
1373,9.360288381576538
1374,0.9337671101093292
1375,9.41832184791565
1376,9.540322422981262
1377,9.1115403175354
1378,0.36027684807777405
1379,6.623629331588745
1380,8.54173719882965
1381,0.007388026569969952
1382,8.642975091934204
1383,1.991211324930191
1384,0.22632665932178497
1385,9.335752725601196
1386,2.134072780609131
1387,9.454711675643921
1388,0.049867182970047
1389,8.332324028015137
1390,0.04877585917711258
1391,9.150402545928955
1392,8.973442316055298
1393,9.200205206871033
1394,9.430360198020935
1395,9.73242998123169
1396,8.828834891319275
1397,4.420478641986847
1398,9.213756322860718
1399,0.07111354731023312
1400,7.64342188835144
1401,8.941269516944885
1402,9.05235767364502
1403,9.639708995819092
1404,9.049290418624878
1405,9.584266543388367
1406,9.141528010368347
1407,9.118734002113342
1408,8.899309039115906
1409,0.035713487304747105
1410,9.299882054328918
1411,6.010613441467285
1412,8.88692855834961
1413,9.136945009231567
1414,7.963529825210571
1415,4.731922149658203
1416,9.0523761510849
1417,0.2513759583234787
1418,9.803316593170166
1419,0.01207109889946878
1420,7.708454728126526
1421,1.505247950553894
1422,9.584842324256897
1423,9.093879461288452
1424,8.958766460418701
1425,9.537501335144043
1426,9.657171964645386
1427,9.57231342792511
1428,0.09792574681341648
1429,8.192871809005737
1430,1.383998543024063
1431,0.02524294424802065
1432,6.581498384475708
1433,0.00026680107112042606
1434,9.619253873825073
1435,0.7746308296918869
1436,0.033019171096384525
1437,0.12925843708217144
1438,9.652809500694275
1439,0.13432285748422146
1440,2.5492900609970093
1441,0.48992644995450974
1442,9.559602737426758
1443,9.384042024612427
1444,9.829643368721008
1445,0.11118011549115181
1446,3.1908616423606873
1447,3.2537245750427246
1448,0.7196550816297531
1449,9.601569175720215
1450,1.758713275194168
1451,9.759714007377625
1452,2.894825041294098
1453,8.538336157798767
1454,9.59733784198761
1455,9.878161549568176
1456,1.5080918371677399
1457,1.920284628868103
1458,9.196272492408752
1459,8.984837532043457
1460,7.84541130065918
1461,8.480838537216187
1462,0.46330492943525314
1463,6.232540607452393
1464,9.62642252445221
1465,0.6520857661962509
1466,2.8725719451904297
1467,0.006499034934677184
1468,9.189611077308655
1469,0.004570376768242568
1470,0.018915082328021526
1471,9.750264883041382
1472,0.00888029986526817
1473,8.502690196037292
1474,0.02209093887358904
1475,0.07298554759472609
1476,7.645900249481201
1477,9.094629287719727
1478,9.412289261817932
1479,0.224981177598238
1480,8.861119151115417
1481,9.609747529029846
1482,8.356967568397522
1483,0.02303910441696644
1484,8.934069871902466
1485,8.779085874557495
1486,9.477119445800781
1487,4.596804976463318
1488,8.606599569320679
1489,5.667430758476257
1490,9.465560913085938
1491,8.248406648635864
1492,6.831197142601013
1493,8.487903475761414
1494,8.935465812683105
1495,9.207773804664612
1496,7.134332656860352
1497,0.03455535974353552
1498,9.319625496864319
1499,1.8708392977714539
1500,9.221115112304688
1501,4.182496070861816
1502,2.994959056377411
1503,8.43031108379364
1504,9.60127592086792
1505,9.199788570404053
1506,2.1935199201107025
1507,8.285192251205444
1508,0.002926437300629914
1509,0.004450987034942955
1510,8.157339096069336
1511,6.704809069633484
1512,8.062623739242554
1513,0.0007122306851670146
1514,0.6092909723520279
1515,0.08845791220664978
1516,0.9721595793962479
1517,0.30430782586336136
1518,9.808578491210938
1519,0.028557192999869585
1520,9.619055390357971
1521,9.254838824272156
1522,9.441855549812317
1523,9.76536512374878
1524,0.3788045048713684
1525,9.588318467140198
1526,0.0001926977165567223
1527,9.873974919319153
1528,8.40619146823883
1529,9.523060917854309
1530,2.128434479236603
1531,9.398577213287354
1532,0.4470551386475563
1533,2.4906237423419952
1534,9.032297134399414
1535,0.062134615145623684
1536,9.635708332061768
1537,1.2033797055482864
1538,9.804068207740784
1539,9.249759912490845
1540,9.78305995464325
1541,0.39514612406492233
1542,9.91822063922882
1543,9.780584573745728
1544,3.778408169746399
1545,1.336083561182022
1546,0.42767681181430817
1547,2.5607889890670776
1548,9.430428743362427
1549,6.054338216781616
1550,8.863476514816284
1551,2.140268087387085
1552,9.40522313117981
1553,9.312559962272644
1554,7.44952917098999
1555,9.379425048828125
1556,2.9500812292099
1557,9.680730104446411
1558,0.04279921296983957
1559,9.067816734313965
1560,0.0708488654345274
1561,0.0003357658351887949
1562,9.125057458877563
1563,0.3554706275463104
1564,9.244132041931152
1565,6.5368252992630005
1566,6.239279508590698
1567,0.004138085059821606
1568,9.460166692733765
1569,8.81661057472229
1570,7.160126566886902
1571,8.692107796669006
1572,0.07779542356729507
1573,0.023861671797931194
1574,0.0717824837192893
1575,8.83162796497345
1576,9.090487957000732
1577,9.024052023887634
1578,1.3216212391853333
1579,0.06836443673819304
1580,7.403483986854553
1581,4.3225836753845215
1582,9.558411240577698
1583,9.62269902229309
1584,2.1217988431453705
1585,9.514347314834595
1586,7.688923478126526
1587,8.268827199935913
1588,9.610835313796997
1589,9.2887943983078
1590,9.567612409591675
1591,8.366689085960388
1592,0.048353816382586956
1593,7.49211847782135
1594,8.57199490070343
1595,9.290328025817871
1596,7.673901915550232
1597,1.1480414122343063
1598,5.570423603057861
1599,8.425547480583191
1600,7.8669410943984985
1601,8.28944742679596
1602,7.446830868721008
1603,8.714947700500488
1604,7.389689683914185
1605,7.877689599990845
1606,9.711768627166748
1607,6.959366202354431
1608,9.527994990348816
1609,8.5379159450531
1610,9.360042810440063
1611,7.626546621322632
1612,9.342538118362427
1613,8.39708149433136
1614,3.222615122795105
1615,8.267433643341064
1616,7.198261022567749
1617,5.685515999794006
1618,9.017894864082336
1619,0.2074706181883812
1620,0.009346224251203239
1621,9.505903124809265
1622,8.127967715263367
1623,0.004769816878251731
1624,0.17363756895065308
1625,9.809035658836365
1626,9.517763257026672
1627,6.025661826133728
1628,0.17184043303132057
1629,8.621188998222351
1630,8.804052472114563
1631,6.820054054260254
1632,9.011488556861877
1633,9.282549023628235
1634,2.8059273958206177
1635,0.046369265764951706
1636,0.031540319323539734
1637,3.7059757113456726
1638,0.019018847960978746
1639,0.1274480391293764
1640,8.469751477241516
1641,9.291507601737976
1642,9.431560039520264
1643,2.4385999143123627
1644,9.239798784255981
1645,0.22035978734493256
1646,6.122882962226868
1647,0.1400299370288849
1648,8.43662142753601
1649,9.70316767692566
1650,1.3252867758274078
1651,0.2516734041273594
1652,9.48587417602539
1653,0.018403104040771723
1654,9.609734416007996
1655,1.22483029961586
1656,9.844805598258972
1657,0.10236285626888275
1658,9.39828336238861
1659,1.1750620603561401
1660,2.1289323270320892
1661,8.62548291683197
1662,2.098664790391922
1663,0.5074708536267281
1664,9.799968004226685
1665,9.659067988395691
1666,6.390770077705383
1667,0.015086433850228786
1668,0.2533857710659504
1669,6.0942769050598145
1670,8.237583637237549
1671,7.85390317440033
1672,9.773499369621277
1673,0.33971503376960754
1674,0.3615137189626694
1675,9.411097168922424
1676,8.85376513004303
1677,8.510940670967102
1678,9.432284832000732
1679,9.535614848136902
1680,9.513254761695862
1681,9.28373634815216
1682,9.52369749546051
1683,8.520111441612244
1684,0.20090723410248756
1685,8.165022134780884
1686,7.590873837471008
1687,4.074975550174713
1688,5.424067378044128
1689,0.08194991387426853
1690,9.804068207740784
1691,9.555468559265137
1692,9.54829752445221
1693,1.2189314514398575
1694,7.625339031219482
1695,0.1589333452284336
1696,9.694865942001343
1697,5.461161732673645
1698,9.477038383483887
1699,4.9006664752960205
1700,8.818309903144836
1701,9.177467226982117
1702,1.4616867899894714
1703,8.388258218765259
1704,6.158235669136047
1705,9.080415964126587
1706,6.8031370639801025
1707,9.796221256256104
1708,8.315571546554565
1709,8.834482431411743
1710,9.608907699584961
1711,6.2992918491363525
1712,4.496626555919647
1713,0.47892458736896515
1714,8.482825756072998
1715,7.867078185081482
1716,0.03705940907821059
1717,0.0013664229481946677
1718,8.53056013584137
1719,8.304744362831116
1720,7.586206793785095
1721,0.16258003190159798
1722,9.484243988990784
1723,8.394600749015808
1724,8.488171100616455
1725,9.19893503189087
1726,8.277326822280884
1727,7.283883094787598
1728,3.666967749595642
1729,0.003676301857922226
1730,9.571416974067688
1731,7.818025350570679
1732,7.086272239685059
1733,0.32836809754371643
1734,9.542009830474854
1735,9.266096353530884
1736,9.386672973632812
1737,8.104714155197144
1738,2.004675567150116
1739,9.217650890350342
1740,9.762631058692932
1741,9.87011194229126
1742,0.04053910728543997
1743,9.486348032951355
1744,0.021781972609460354
1745,9.272111058235168
1746,9.35961902141571
1747,9.312637448310852
1748,9.611217379570007
1749,1.8743471801280975
1750,8.059450387954712
1751,5.264132618904114
1752,0.1398168597370386
1753,0.17566116526722908
1754,0.5558369681239128
1755,9.503831267356873
1756,0.013656462542712688
1757,2.8843745589256287
1758,8.861829042434692
1759,6.912738680839539
1760,0.11986686848104
1761,7.7807289361953735
1762,9.266383647918701
1763,9.905587434768677
1764,0.006991138798184693
1765,8.797581791877747
1766,9.242239594459534
1767,9.41519558429718
1768,0.07876702584326267
1769,7.888635993003845
1770,0.038648906629532576
1771,9.476729035377502
1772,9.61132287979126
1773,8.464665412902832
1774,9.420515298843384
1775,0.9792114794254303
1776,7.43620753288269
1777,9.423058032989502
1778,9.394113421440125
1779,6.454344987869263
1780,0.3180219978094101
1781,9.642064571380615
1782,9.610592126846313
1783,1.2972193956375122
1784,8.619621396064758
1785,9.393017292022705
1786,9.458397030830383
1787,9.504504203796387
1788,1.5292924642562866
1789,9.294582605361938
1790,0.07715196814388037
1791,0.5212190002202988
1792,6.155494451522827
1793,7.64657735824585
1794,9.632334113121033
1795,9.700849652290344
1796,9.392487406730652
1797,9.279623627662659
1798,9.80821669101715
1799,5.91086745262146
1800,0.19300881773233414
1801,9.08876657485962
1802,1.106802225112915
1803,9.007993936538696
1804,1.6708733141422272
1805,9.085869193077087
1806,9.573400616645813
1807,9.307488799095154
1808,9.426353573799133
1809,9.814215898513794
1810,0.8724028617143631
1811,8.801220655441284
1812,0.004899136256426573
1813,9.675424098968506
1814,5.0118595361709595
1815,5.5564916133880615
1816,9.766681790351868
1817,0.003101131005678326
1818,8.86378288269043
1819,9.22145664691925
1820,8.603085279464722
1821,8.695478439331055
1822,9.225417971611023
1823,0.0005683128256350756
1824,0.6483878940343857
1825,9.777145385742188
1826,8.111904263496399
1827,0.02792293904349208
1828,9.475821256637573
1829,0.35722240805625916
1830,9.733449816703796
1831,9.050095677375793
1832,9.12895917892456
1833,0.02703595906496048
1834,7.982175350189209
1835,5.845851302146912
1836,8.714361190795898
1837,0.021582248155027628
1838,9.67850387096405
1839,9.525967836380005
1840,8.52704644203186
1841,9.113960862159729
1842,8.954251408576965
1843,9.63166058063507
1844,9.661864042282104
1845,0.1730010285973549
1846,9.23252522945404
1847,9.50579047203064
1848,9.27079975605011
1849,9.551331996917725
1850,0.006103523191995919
1851,9.20491635799408
1852,4.520661532878876
1853,0.00012830936611862853
1854,9.664669036865234
1855,8.991916179656982
1856,9.33559775352478
1857,0.0677627231925726
1858,0.10208996944129467
1859,0.9321311861276627
1860,9.054816365242004
1861,0.7604310661554337
1862,1.9269046187400818
1863,8.009158372879028
1864,0.01124214380979538
1865,8.730704188346863
1866,0.7943481206893921
1867,9.309933185577393
1868,9.400553107261658
1869,9.24361765384674
1870,3.592243790626526
1871,9.372695088386536
1872,6.151849627494812
1873,0.1252846885472536
1874,7.605945467948914
1875,0.003541951591614634
1876,9.037259221076965
1877,8.953313827514648
1878,7.23069429397583
1879,7.788743376731873
1880,9.122518301010132
1881,9.077730178833008
1882,0.0079630984691903
1883,8.763179779052734
1884,0.11227439157664776
1885,9.40314769744873
1886,0.2158735692501068
1887,0.06759949959814548
1888,9.349913597106934
1889,9.444156885147095
1890,0.0049475341802462935
1891,1.5669101476669312
1892,9.109477400779724
1893,0.8481422811746597
1894,0.04267004318535328
1895,7.2254568338394165
1896,7.019500732421875
1897,9.0288907289505
1898,8.93354058265686
1899,9.7451913356781
1900,8.964704871177673
1901,9.32133436203003
1902,9.314500093460083
1903,9.244564771652222
1904,9.537053108215332
1905,0.700514018535614
1906,1.1883868277072906
1907,8.79302442073822
1908,0.42330168187618256
1909,1.0331928730010986
1910,0.04335528239607811
1911,0.7932144403457642
1912,0.21803850308060646
1913,0.01123608322814107
1914,5.886542201042175
1915,9.102202653884888
1916,5.548595254367683e-05
1917,9.639012217521667
1918,3.4861603379249573
1919,0.44874608516693115
1920,9.483935236930847
1921,9.198057055473328
1922,9.62830662727356
1923,9.273074865341187
1924,0.05439063534140587
1925,9.727579951286316
1926,2.1070165932178497
1927,8.867514729499817
1928,2.966800332069397
1929,9.35878038406372
1930,5.059736967086792
1931,0.03659304231405258
1932,8.07713270187378
1933,6.93073570728302
1934,9.630822539329529
1935,0.2580939419567585
1936,8.843368291854858
1937,8.487417697906494
1938,8.995987176895142
1939,9.177501201629639
1940,0.07361012510955334
1941,9.4876229763031
1942,4.383902549743652
1943,0.013492447324097157
1944,9.392188787460327
1945,9.64730978012085
1946,9.76569950580597
1947,9.412040114402771
1948,7.556142210960388
1949,8.568048477172852
1950,9.5601224899292
1951,9.26834523677826
1952,0.06742789410054684
1953,0.03454115940257907
1954,8.371001482009888
1955,2.527279555797577
1956,7.628967761993408
1957,9.661480784416199
1958,9.520456790924072
1959,9.593806862831116
1960,0.4801221564412117
1961,7.965092658996582
1962,8.717206716537476
1963,2.4069948494434357
1964,9.752086400985718
1965,9.354584813117981
1966,8.31518828868866
1967,0.016525048995390534
1968,9.243025779724121
1969,8.846508860588074
1970,0.1568862795829773
1971,0.03174260491505265
1972,8.448602557182312
1973,9.860202670097351
1974,8.227700591087341
1975,8.76636266708374
1976,0.3284449130296707
1977,9.567394256591797
1978,0.014455574564635754
1979,8.743404746055603
1980,8.349018692970276
1981,0.2657158859074116
1982,0.027171114925295115
1983,0.048038605600595474
1984,9.410335421562195
1985,8.533521890640259
1986,0.05386051721870899
1987,6.759555339813232
1988,8.680784702301025
1989,9.312952756881714
1990,9.467546939849854
1991,0.5575424432754517
1992,9.362703561782837
1993,0.027599260210990906
1994,0.0012805995356757194
1995,9.753730297088623
1996,0.20850086584687233
1997,0.01916646957397461
1998,6.624482870101929
1999,4.321687817573547
2000,9.642158150672913
2001,9.512108564376831
2002,8.919745683670044
2003,1.8866577744483948
2004,1.9442227482795715
2005,9.62930977344513
2006,0.26062870398163795
2007,8.33748996257782
2008,9.836173057556152
2009,5.830167531967163
2010,0.0073506159242242575
2011,8.960186243057251
2012,9.370067119598389
2013,1.2390461564064026
2014,1.7686577141284943
2015,0.6018717959523201
2016,9.463768005371094
2017,9.685364961624146
2018,0.012760314857587218
2019,0.11991211213171482
2020,0.856664702296257
2021,9.170473217964172
2022,0.5098296329379082
2023,7.422521710395813
2024,1.7550233006477356
2025,8.636696934700012
2026,9.513549208641052
2027,9.67137336730957
2028,5.284405946731567
2029,9.51524019241333
2030,2.0191586017608643
2031,1.7906306684017181
2032,9.529213905334473
2033,7.995285391807556
2034,0.6917248666286469
2035,9.37922477722168
2036,0.047647845931351185
2037,0.1330016925930977
2038,9.618160724639893
2039,0.7290876656770706
2040,0.06524214055389166
2041,9.031777381896973
2042,9.838835597038269
2043,0.0012112444528611377
2044,8.28025996685028
2045,2.1843597292900085
2046,5.438679456710815
2047,9.851694107055664
2048,1.994544118642807
2049,4.665723145008087
2050,9.661101698875427
2051,8.36177110671997
2052,8.35606336593628
2053,0.006383169093169272
2054,0.6380067020654678
2055,9.404969215393066
2056,9.483829140663147
2057,8.280360698699951
2058,9.394601583480835
2059,8.302958011627197
2060,8.061249256134033
2061,4.600742757320404
2062,0.15000383369624615
2063,0.7667804509401321
2064,9.23802375793457
2065,0.4900379106402397
2066,9.087188243865967
2067,8.770085573196411
2068,7.2418975830078125
2069,8.904333710670471
2070,9.6440190076828
2071,9.424293637275696
2072,0.011831986485049129
2073,0.6081670895218849
2074,9.548041224479675
2075,0.1127123273909092
2076,7.689651250839233
2077,3.31727534532547
2078,0.19832488149404526
2079,2.462913393974304
2080,4.072657823562622
2081,8.58452022075653
2082,7.370315790176392
2083,3.9475762844085693
2084,6.572722792625427
2085,1.608607021807984e-05
2086,9.603399634361267
2087,0.11919401586055756
2088,0.013045439263805747
2089,6.5650904178619385
2090,9.591695070266724
2091,8.311537504196167
2092,8.02234172821045
2093,0.06619304418563843
2094,2.5188621878623962
2095,0.07644235156476498
2096,6.296672821044922
2097,1.3181640207767487
2098,0.21470114588737488
2099,2.188960909843445
2100,8.575482964515686
2101,0.005648176302202046
2102,9.545523524284363
2103,9.105802774429321
2104,0.003793391806539148
2105,9.665359258651733
2106,9.379841685295105
2107,8.641477227210999
2108,9.5988130569458
2109,9.601598978042603
2110,7.7164435386657715
2111,8.642856478691101
2112,6.180503964424133
2113,5.505431890487671
2114,9.811524152755737
2115,1.1243180185556412
2116,8.954000473022461
2117,9.704782366752625
2118,4.349483251571655
2119,0.0241982564330101
2120,0.01880280557088554
2121,0.0022659203386865556
2122,9.198081493377686
2123,4.770175814628601
2124,8.969298601150513
2125,7.710614204406738
2126,8.080050349235535
2127,9.472682476043701
2128,9.493343830108643
2129,7.622237801551819
2130,3.8172319531440735
2131,8.774622082710266
2132,1.0035163164138794
2133,9.317682385444641
2134,0.15860529616475105
2135,7.97393798828125
2136,9.146158695220947
2137,5.911669731140137
2138,9.125051498413086
2139,9.484437108039856
2140,1.646694272494642e-05
2141,8.867535591125488
2142,9.617533683776855
2143,9.667079448699951
2144,0.0052841141587123275
2145,9.426077008247375
2146,5.1051342487335205
2147,9.721227884292603
2148,1.214103177189827
2149,0.20473340526223183
2150,9.367896914482117
2151,9.234213829040527
2152,8.806284666061401
2153,8.49541425704956
2154,9.406235814094543
2155,0.2741887792944908
2156,9.813337922096252
2157,9.559614658355713
2158,6.761089563369751
2159,0.012616430176422
2160,1.367759257555008
2161,9.765784740447998
2162,0.5621392652392387
2163,2.3895688354969025
2164,9.074161648750305
2165,9.27137553691864
2166,0.2976743131875992
2167,9.509706497192383
2168,8.531438112258911
2169,9.42820429801941
2170,0.007141807582229376
2171,7.868590354919434
2172,9.700202345848083
2173,0.11622652411460876
2174,9.733296036720276
2175,8.364468216896057
2176,0.00017839744032244198
2177,8.775019645690918
2178,0.020497776567935944
2179,8.238024115562439
2180,0.12030196376144886
2181,9.715572595596313
2182,5.7124775648117065
2183,9.03948724269867
2184,0.05259125493466854
2185,8.028457164764404
2186,0.0039840940735302866
2187,9.53018605709076
2188,9.62734043598175
2189,1.4395713806152344
2190,0.026821920182555914
2191,9.03117835521698
2192,9.512810111045837
2193,4.153541624546051
2194,6.457588076591492
2195,8.733693957328796
2196,0.299738384783268
2197,8.873986005783081
2198,8.553777933120728
2199,5.067909359931946
2200,9.823761582374573
2201,8.177160620689392
2202,8.279966711997986
2203,1.9972628355026245
2204,8.486025929450989
2205,0.02905967878177762
2206,0.00047745666961418465
2207,0.0005875206625205465
2208,9.245396256446838
2209,9.831455945968628
2210,8.938987851142883
2211,1.97775200009346
2212,9.285821914672852
2213,9.479162693023682
2214,1.5228155255317688
2215,9.672181010246277
2216,9.745151400566101
2217,9.57427442073822
2218,8.855550289154053
2219,5.547879338264465
2220,5.92377245426178
2221,8.890816569328308
2222,9.163758158683777
2223,9.649985432624817
2224,8.793875575065613
2225,9.333110451698303
2226,2.8378385305404663
2227,9.34777557849884
2228,1.9335113847773755e-05
2229,9.198536276817322
2230,1.3134130835533142
2231,4.6827661991119385
2232,6.18944525718689
2233,0.08683748543262482
2234,0.3918302059173584
2235,8.92688512802124
2236,0.15963997691869736
2237,1.0587143898010254
2238,9.76367175579071
2239,7.219280004501343
2240,1.3669155538082123
2241,8.485320210456848
2242,4.299749433994293
2243,0.002956883399747312
2244,7.373896837234497
2245,9.644929766654968
2246,9.551442861557007
2247,8.709538578987122
2248,2.4049346148967743
2249,0.08239760063588619
2250,0.1144696120172739
2251,7.3944830894470215
2252,7.787619233131409
2253,0.03264278173446655
2254,7.664533257484436
2255,9.27000343799591
2256,0.5438558384776115
2257,0.09687859565019608
2258,0.00691655557602644
2259,0.07648736238479614
2260,0.040952046401798725
2261,0.05040758289396763
2262,0.11094806715846062
2263,0.719749704003334
2264,2.8561994433403015
2265,0.4509694129228592
2266,8.69412899017334
2267,8.328589797019958
2268,9.307613968849182
2269,3.7460750341415405
2270,0.07368768565356731
2271,9.825319051742554
2272,1.3839860260486603
2273,0.5686863139271736
2274,9.462059736251831
2275,4.884117245674133
2276,0.07845696993172169
2277,6.623684763908386
2278,0.35807840526103973
2279,8.343784213066101
2280,9.622907638549805
2281,0.8634252846240997
2282,9.398654103279114
2283,9.3629652261734
2284,4.508165121078491
2285,7.917344570159912
2286,0.6213036924600601
2287,8.89334261417389
2288,0.22560376673936844
2289,9.406250715255737
2290,8.938058018684387
2291,0.011347850086167455
2292,1.6973160207271576
2293,9.608495831489563
2294,9.555506110191345
2295,9.486292600631714
2296,0.0772313354536891
2297,9.036304950714111
2298,9.243166446685791
2299,9.334080219268799
2300,5.10654091835022
2301,8.590115904808044
2302,1.1639458686113358
2303,7.990183234214783
2304,8.996939659118652
2305,5.576022267341614
2306,2.535752855692408e-05
2307,2.0829620957374573
2308,0.00011796191756729968
2309,8.94328773021698
2310,9.406235814094543
2311,5.5831170082092285
2312,8.975881934165955
2313,9.553478956222534
2314,9.71302330493927
2315,5.118393301963806
2316,9.364258050918579
2317,9.180406928062439
2318,8.973355889320374
2319,0.476975217461586
2320,0.003454886027611792
2321,8.982754349708557
2322,6.605142951011658
2323,9.58936095237732
2324,0.04577473737299442
2325,9.582334160804749
2326,6.1134010553359985
2327,6.7514002323150635
2328,9.094393849372864
2329,3.3748114109039307
2330,8.520378470420837
2331,9.048206210136414
2332,9.816573858261108
2333,9.58305299282074
2334,0.41668951511383057
2335,0.4485062137246132
2336,0.9148168563842773
2337,8.605374097824097
2338,0.02461411990225315
2339,8.815009593963623
2340,0.7560680061578751
2341,0.034878666047006845
2342,0.004373122937977314
2343,0.46464186161756516
2344,0.003996967279817909
2345,0.0005346281977836043
2346,8.728440999984741
2347,0.48279814422130585
2348,6.376473307609558
2349,8.832932114601135
2350,0.3765593469142914
2351,9.585539102554321
2352,8.96471083164215
2353,9.353936910629272
2354,0.03378293011337519
2355,9.368090629577637
2356,5.965204238891602
2357,1.0833186656236649
2358,5.624960660934448
2359,9.600802659988403
2360,6.014699935913086
2361,9.577439427375793
2362,7.2776103019714355
2363,9.116828441619873
2364,7.94237494468689
2365,9.646416902542114
2366,9.527375102043152
2367,9.16877567768097
2368,8.865407109260559
2369,9.487076997756958
2370,9.698899388313293
2371,0.030634489376097918
2372,7.398634552955627
2373,3.724469542503357
2374,9.123246669769287
2375,0.9329070150852203
2376,8.462412357330322
2377,7.017387747764587
2378,9.00250494480133
2379,8.515754342079163
2380,8.525767922401428
2381,9.556113481521606
2382,1.728636920452118
2383,8.498798608779907
2384,1.3383665680885315
2385,0.0774558400735259
2386,8.801474571228027
2387,9.39937949180603
2388,9.491773247718811
2389,9.590044021606445
2390,9.423757791519165
2391,0.5345117300748825
2392,1.4986717700958252
2393,8.802706003189087
2394,9.50402319431305
2395,0.3993877023458481
2396,9.013367891311646
2397,2.5780510902404785
2398,7.658742070198059
2399,9.619724750518799
2400,0.45355141162872314
2401,9.431852102279663
2402,6.11988365650177
2403,9.640349745750427
2404,3.5691556334495544
2405,8.63700807094574
2406,8.519427180290222
2407,8.918776512145996
2408,0.041727107018232346
2409,9.498361349105835
2410,1.7135091125965118
2411,0.0665177870541811
2412,9.437975883483887
2413,7.662697434425354
2414,8.89832615852356
2415,8.877379894256592
2416,8.482473492622375
2417,8.68033766746521
2418,0.12448340654373169
2419,9.423467516899109
2420,8.31992506980896
2421,8.958353996276855
2422,0.08482515811920166
2423,0.03272923640906811
2424,9.237673878669739
2425,9.01416003704071
2426,1.7564426362514496
2427,0.00212789949728176
2428,9.320107102394104
2429,6.356415152549744
2430,8.981103897094727
2431,0.03635080065578222
2432,9.416632056236267
2433,9.176889061927795
2434,8.286904692649841
2435,0.4190145432949066
2436,2.414061278104782
2437,0.10419124737381935
2438,7.844593524932861
2439,8.988568186759949
2440,0.47045789659023285
2441,8.283973932266235
2442,2.17813640832901
2443,3.556423783302307
2444,0.7972744852304459
2445,9.227562546730042
2446,0.2640869468450546
2447,0.09809538722038269
2448,0.0216423231177032
2449,0.17922211438417435
2450,0.06663196720182896
2451,8.630138635635376
2452,0.06347529590129852
2453,6.775562167167664
2454,0.5673956498503685
2455,9.44844365119934
2456,8.976982831954956
2457,9.2666757106781
2458,0.022064782679080963
2459,9.68819260597229
2460,9.796020984649658
2461,2.202300876379013
2462,7.3384541273117065
2463,0.3988279402256012
2464,7.856658101081848
2465,9.088378548622131
2466,0.49004122614860535
2467,9.069889187812805
2468,9.810512065887451
2469,0.5133575573563576
2470,8.833070397377014
2471,0.024234522134065628
2472,8.63295316696167
2473,9.439312815666199
2474,9.516451358795166
2475,9.75818932056427
2476,9.81376588344574
2477,0.07248345296829939
2478,2.530922591686249
2479,0.06279517896473408
2480,6.855536103248596
2481,0.23681927472352982
2482,9.33501124382019
2483,1.7443569004535675
2484,2.774321138858795
2485,9.427140355110168
2486,0.14219464734196663
2487,9.052626490592957
2488,0.5518876761198044
2489,9.27854597568512
2490,8.575893640518188
2491,8.299015760421753
2492,3.5433387756347656
2493,9.522018432617188
2494,8.703454732894897
2495,7.877140641212463
2496,0.0009279282676288858
2497,3.5203570127487183
2498,0.3308030590415001
2499,9.057886004447937
2500,0.20824816077947617
2501,0.6156513467431068
2502,8.638005256652832
2503,0.4954054579138756
2504,7.719687223434448
2505,7.931625247001648
2506,9.342483282089233
2507,9.254196286201477
2508,0.017376892501488328
2509,9.552059173583984
2510,1.4877252280712128
2511,8.103320598602295
2512,9.72196340560913
2513,2.6044511795043945
2514,9.526650309562683
2515,8.193725943565369
2516,8.476248383522034
2517,6.160445213317871
2518,9.195581078529358
2519,1.1440414190292358
2520,9.478627443313599
2521,6.9547635316848755
2522,6.399983167648315
2523,9.26450252532959
2524,0.11989125981926918
2525,9.444036483764648
2526,4.2923688888549805
2527,9.284932613372803
2528,9.383883476257324
2529,8.263210654258728
2530,9.21843409538269
2531,0.2380487509071827
2532,8.286101222038269
2533,0.017856862396001816
2534,7.14111864566803
2535,2.9159459471702576
2536,0.5542899295687675
2537,9.304329752922058
2538,9.772118330001831
2539,0.19396329298615456
2540,9.594164490699768
2541,8.269890546798706
2542,0.0014732005365658551
2543,0.26339195668697357
2544,0.9712404757738113
2545,7.871333360671997
2546,0.002843886031769216
2547,9.733207821846008
2548,0.09575475938618183
2549,6.275082230567932
2550,8.517897725105286
2551,9.457438588142395
2552,7.706388831138611
2553,5.6234681606292725
2554,9.552167057991028
2555,0.05209612660109997
2556,0.017669054213911295
2557,2.104221284389496
2558,9.381629824638367
2559,9.674655199050903
2560,9.034600853919983
2561,6.868310570716858
2562,0.0002497215973562561
2563,9.474305510520935
2564,9.581906199455261
2565,7.765787243843079
2566,0.26114197447896004
2567,0.02958704251796007
2568,0.2523416094481945
2569,9.13985788822174
2570,8.578307628631592
2571,0.8507286012172699
2572,9.678815603256226
2573,0.0116614846047014
2574,8.526875376701355
2575,7.157849669456482
2576,9.169814586639404
2577,8.21429967880249
2578,9.169714450836182
2579,0.33165592700242996
2580,8.839441537857056
2581,1.5986604988574982
2582,4.807421267032623
2583,9.034494757652283
2584,8.831236362457275
2585,0.0009387784666614607
2586,9.723443388938904
2587,6.617376804351807
2588,7.727848291397095
2589,0.11912181973457336
2590,9.19919490814209
2591,4.366225004196167
2592,8.412680625915527
2593,9.513959288597107
2594,9.675014615058899
2595,7.695897817611694
2596,9.018207788467407
2597,9.749533534049988
2598,6.583876609802246
2599,9.173803925514221
2600,1.604723185300827
2601,9.694913029670715
2602,9.266303777694702
2603,1.755867749452591
2604,9.293344020843506
2605,0.18554994836449623
2606,1.1952174454927444
2607,9.552956819534302
2608,0.580890029668808
2609,0.06772637367248535
2610,0.7539945840835571
2611,8.088167905807495
2612,0.043284203857183456
2613,9.177526831626892
2614,9.637105464935303
2615,9.193903803825378
2616,7.044968008995056
2617,9.462587833404541
2618,7.674808557567303e-06
2619,9.488864541053772
2620,8.273885846138
2621,9.452375769615173
2622,8.959462642669678
2623,9.689420461654663
2624,9.379851818084717
2625,5.722261667251587
2626,9.265233278274536
2627,8.010568618774414
2628,9.533740878105164
2629,4.399489164352417
2630,0.035851679276674986
2631,4.192076325416565
2632,9.760025143623352
2633,0.9589223563671112
2634,7.92532205581665
2635,0.036793025210499763
2636,9.547908306121826
2637,0.29693154618144035
2638,0.005226886714808643
2639,0.14268594793975353
2640,5.230194330215454
2641,9.264723658561707
2642,3.180193603038788
2643,0.007557696080766618
2644,0.3505399823188782
2645,8.568732142448425
2646,9.689151644706726
2647,0.23812899366021156
2648,8.44561755657196
2649,7.714634537696838
2650,9.493138194084167
2651,8.863110542297363
2652,9.548624753952026
2653,3.2268625497817993
2654,0.04472195636481047
2655,9.206299781799316
2656,0.00011058753443649039
2657,8.947173953056335
2658,8.812959790229797
2659,0.5511724203824997
2660,0.0352204916998744
2661,7.80680775642395
2662,0.7430487126111984
2663,8.710973858833313
2664,7.591464519500732
2665,0.6685145199298859
2666,9.727997779846191
2667,2.650977671146393
2668,4.564293920993805
2669,8.947036266326904
2670,9.728701710700989
2671,8.106359839439392
2672,3.055765926837921
2673,9.183529615402222
2674,4.417013227939606
2675,0.34325607120990753
2676,8.446421027183533
2677,9.318738579750061
2678,9.27636981010437
2679,0.20687928423285484
2680,1.9266532361507416
2681,0.012886886252090335
2682,9.24518883228302
2683,1.4813438057899475
2684,8.217954635620117
2685,9.132342338562012
2686,9.710029363632202
2687,9.59195852279663
2688,8.82591187953949
2689,9.763309359550476
2690,0.06541445851325989
2691,5.85889995098114
2692,9.178740382194519
2693,9.251697063446045
2694,8.516880869865417
2695,9.85250174999237
2696,8.390074372291565
2697,9.40428912639618
2698,7.823509573936462
2699,9.432415962219238
2700,0.0019215109932702035
2701,8.843870759010315
2702,0.4202498495578766
2703,9.216225743293762
2704,7.931360602378845
2705,9.32268738746643
2706,9.689581394195557
2707,7.728651762008667
2708,9.251376390457153
2709,9.330339431762695
2710,2.3426806926727295
2711,8.567408323287964
2712,3.622939884662628
2713,0.5074465274810791
2714,9.496533274650574
2715,0.649249479174614
2716,2.6508814096450806
2717,8.270620703697205
2718,9.680874943733215
2719,8.721688389778137
2720,8.60941469669342
2721,2.9071853191453556e-06
2722,0.5104335397481918
2723,9.451575875282288
2724,0.19595548510551453
2725,2.4211908876895905
2726,9.513028860092163
2727,0.8414096385240555
2728,2.972155809402466
2729,4.169003069400787
2730,7.353247404098511
2731,0.6822818517684937
2732,0.20802663639187813
2733,8.461223840713501
2734,0.32792970538139343
2735,8.430938124656677
2736,8.376237750053406
2737,9.525824785232544
2738,8.697787523269653
2739,9.33225154876709
2740,9.319660663604736
2741,9.08825159072876
2742,9.492688179016113
2743,9.791542291641235
2744,9.740666151046753
2745,0.2104528248310089
2746,9.298073053359985
2747,9.786375164985657
2748,0.002193006657762453
2749,9.64815080165863
2750,8.421263098716736
2751,8.305438160896301
2752,9.411709904670715
2753,4.371545612812042
2754,0.09795335121452808
2755,9.74260151386261
2756,9.07457709312439
2757,2.446293383836746
2758,0.3776714950799942
2759,6.700454354286194
2760,8.240184783935547
2761,9.362026453018188
2762,9.245553612709045
2763,6.109246015548706
2764,8.218309879302979
2765,9.538545608520508
2766,0.09054365567862988
2767,9.959736466407776
2768,9.5384281873703
2769,9.643775224685669
2770,9.29649829864502
2771,9.699516296386719
2772,3.024449050426483
2773,9.599867463111877
2774,8.018118739128113
2775,9.695196747779846
2776,0.012084466870874166
2777,5.9397947788238525
2778,6.844394207000732
2779,8.086254596710205
2780,9.180059432983398
2781,6.418328881263733
2782,0.008756821043789387
2783,1.6300898790359497
2784,8.496642708778381
2785,9.57646369934082
2786,8.93501341342926
2787,9.453142285346985
2788,0.007055931491777301
2789,9.535288214683533
2790,8.276863694190979
2791,9.424683451652527
2792,8.318676948547363
2793,9.619947671890259
2794,9.931636452674866
2795,8.063545227050781
2796,0.14267944730818272
2797,6.186021566390991
2798,6.373330354690552
2799,9.356058239936829
2800,1.259004920721054
2801,0.006097510922700167
2802,2.3520317673683167
2803,9.14096713066101
2804,8.770481944084167
2805,8.927205204963684
2806,0.5537280067801476
2807,1.1606020480394363
2808,9.112682342529297
2809,8.585166931152344
2810,0.3713049367070198
2811,9.840585589408875
2812,8.795907497406006
2813,0.002517288667149842
2814,2.361556887626648
2815,9.6730375289917
2816,9.504123330116272
2817,9.264078140258789
2818,0.0004960410296916962
2819,8.336971402168274
2820,9.064815044403076
2821,9.62214469909668
2822,8.643389344215393
2823,7.220441102981567
2824,1.2353821098804474
2825,9.385596513748169
2826,9.67265248298645
2827,2.9810526967048645
2828,8.383315801620483
2829,8.086312413215637
2830,7.795032858848572
2831,7.662221193313599
2832,5.876215696334839
2833,0.24576710537075996
2834,9.39502239227295
2835,9.384742975234985
2836,8.298788666725159
2837,9.657924771308899
2838,9.60167944431305
2839,0.0837783794850111
2840,0.4226873070001602
2841,1.5417636930942535
2842,0.3052731789648533
2843,8.963232040405273
2844,0.008498575771227479
2845,9.581043720245361
2846,9.449103474617004
2847,9.342981576919556
2848,9.704983234405518
2849,9.40318763256073
2850,9.03115451335907
2851,3.1327125430107117
2852,9.189131259918213
2853,0.14306792989373207
2854,0.5407978966832161
2855,2.2911611199378967
2856,8.817720413208008
2857,3.962559998035431
2858,9.2729252576828
2859,0.0051911803893744946
2860,9.569147825241089
2861,9.18488621711731
2862,6.07492208480835
2863,9.384257793426514
2864,5.9714666349464096e-05
2865,9.54477071762085
2866,0.011598046403378248
2867,5.640843510627747
2868,0.27312761172652245
2869,9.736401438713074
2870,9.157826900482178
2871,5.53364634513855
2872,8.514580130577087
2873,9.623531103134155
2874,8.488186597824097
2875,8.208106756210327
2876,5.034694671630859
2877,0.0002950555608549621
2878,6.995621919631958
2879,7.567303776741028
2880,9.230946898460388
2881,8.302256464958191
2882,9.48129951953888
2883,0.00399467593524605
2884,9.594587087631226
2885,8.709503412246704
2886,8.920835852622986
2887,6.198744177818298
2888,8.539696335792542
2889,9.270840883255005
2890,3.928222358226776
2891,9.21094834804535
2892,5.122589468955994
2893,1.1840743571519852
2894,8.86324942111969
2895,3.3075299859046936
2896,6.789577603340149
2897,9.850069880485535
2898,0.4990330711007118
2899,2.752034561126493e-05
2900,0.06845887750387192
2901,8.359975218772888
2902,7.472264766693115
2903,8.877874612808228
2904,9.17687714099884
2905,9.584084749221802
2906,9.274123311042786
2907,8.473076820373535
2908,8.430172801017761
2909,6.2224555015563965
2910,0.8804951608181
2911,7.9064178466796875
2912,8.789780735969543
2913,0.012085888301953673
2914,5.314006805419922
2915,9.328498244285583
2916,9.23443615436554
2917,9.17919933795929
2918,3.4985214471817017
2919,8.682533502578735
2920,3.8620811700820923
2921,0.22863773629069328
2922,1.336766630411148
2923,0.10418249294161797
2924,9.239351749420166
2925,8.125274181365967
2926,9.169808626174927
2927,9.469985365867615
2928,9.034172892570496
2929,9.286248087882996
2930,0.3600684180855751
2931,9.802222847938538
2932,0.07009438704699278
2933,3.093542754650116
2934,1.7580223083496094
2935,9.48636531829834
2936,9.30390179157257
2937,8.810344338417053
2938,8.579456210136414
2939,9.256210327148438
2940,9.757637977600098
2941,7.305756211280823
2942,2.1064113080501556
2943,7.4434345960617065
2944,5.678872466087341
2945,7.116966247558594
2946,0.002555350656621158
2947,0.016725279856473207
2948,9.469758868217468
2949,9.154481887817383
2950,9.247040152549744
2951,0.4359312355518341
2952,0.03494339296594262
2953,9.868608117103577
2954,0.3555570915341377
2955,0.5202328786253929
2956,7.550550103187561
2957,9.498769044876099
2958,8.870810866355896
2959,0.0796793308109045
2960,7.821486592292786
2961,1.710059940814972
2962,7.1856266260147095
2963,0.007033649017103016
2964,9.101023077964783
2965,9.37681257724762
2966,0.0010045148519566283
2967,9.012267589569092
2968,0.9996794909238815
2969,5.717710256576538
2970,8.018046021461487
2971,9.04255986213684
2972,8.962907195091248
2973,4.672439396381378
2974,3.3640208130236715e-05
2975,6.163377165794373
2976,9.08600628376007
2977,0.0010978325008181855
2978,2.4434268474578857
2979,8.430926203727722
2980,8.640294671058655
2981,0.27105143293738365
2982,9.02656376361847
2983,3.71546457245131e-05
2984,9.256119132041931
2985,1.2700027227401733
2986,1.1852043122053146
2987,7.74778425693512
2988,8.859480619430542
2989,5.559191703796387
2990,8.795365691184998
2991,6.1744290590286255
2992,4.943928122520447
2993,0.5513213202357292
2994,9.050242304801941
2995,7.128127813339233
2996,1.5593165159225464
2997,9.409831762313843
2998,9.416317343711853
2999,7.938587665557861
3000,9.136188626289368
3001,8.164714574813843
3002,9.563588500022888
3003,0.006472205859608948
3004,5.439410209655762
3005,2.9677048325538635
3006,3.178647458553314
3007,8.872029781341553
3008,0.11898590251803398
3009,3.98773193359375
3010,8.81074607372284
3011,5.799430012702942
3012,9.40205991268158
3013,7.270095348358154
3014,9.343368411064148
3015,0.002665439387783408
3016,0.06482766475528479
3017,0.47577209770679474
3018,0.6631632894277573
3019,9.536540508270264
3020,8.286898732185364
3021,0.8882943540811539
3022,9.272845387458801
3023,9.526865482330322
3024,9.780927896499634
3025,9.50348675251007
3026,9.214580655097961
3027,8.961525559425354
3028,9.320775270462036
3029,6.923354268074036
3030,9.64642882347107
3031,1.536124050617218
3032,3.1519007682800293
3033,6.986202001571655
3034,9.216619729995728
3035,2.6729097962379456
3036,0.009231397416442633
3037,9.538009762763977
3038,9.695459008216858
3039,0.057281251065433025
3040,9.472495317459106
3041,3.239171802997589
3042,0.25783032178878784
3043,6.566997766494751
3044,8.951800465583801
3045,9.82382595539093
3046,8.881972432136536
3047,8.623643517494202
3048,0.0151289370842278
3049,1.8878152966499329
3050,0.02590498887002468
3051,6.8561238050460815
3052,0.5506774410605431
3053,4.1535961627960205
3054,0.015473415842279792
3055,9.301252365112305
3056,8.887404799461365
3057,1.7049233615398407
3058,9.131627678871155
3059,9.670760035514832
3060,0.06486551836133003
3061,7.528800368309021
3062,9.518927335739136
3063,0.007201184635050595
3064,9.13574993610382
3065,8.174823522567749
3066,8.180691003799438
3067,0.641007125377655
3068,0.17500676214694977
3069,0.18703049048781395
3070,0.06286907475441694
3071,0.0006981056503718719
3072,9.656051397323608
3073,9.12878930568695
3074,9.693116545677185
3075,8.391680121421814
3076,8.923752903938293
3077,1.3834437727928162
3078,9.593079686164856
3079,9.504056572914124
3080,7.669682502746582
3081,0.017589101335033774
3082,1.0097870230674744
3083,9.184184074401855
3084,0.12681620195508003
3085,0.03262090031057596
3086,7.616834044456482
3087,0.11861752718687057
3088,0.004859998589381576
3089,9.65297818183899
3090,9.602322578430176
3091,8.702811598777771
3092,6.74195408821106
3093,5.604664087295532
3094,0.0019032620184589177
3095,0.012346550356596708
3096,7.243005037307739
3097,9.133922457695007
3098,8.732895255088806
3099,0.049315718933939934
3100,2.6213380694389343
3101,0.354032963514328
3102,9.59779679775238
3103,9.616437554359436
3104,9.246095418930054
3105,9.213564991950989
3106,9.849766492843628
3107,9.559987783432007
3108,9.780725240707397
3109,3.1129711866378784
3110,9.917353391647339
3111,0.6420771032571793
3112,8.96523892879486
3113,9.508873224258423
3114,0.04735672380775213
3115,9.522449970245361
3116,9.111304879188538
3117,9.099910855293274
3118,8.999539017677307
3119,0.7064954191446304
3120,1.442275196313858
3121,6.340001225471497
3122,6.7449623346328735
3123,0.16994675621390343
3124,9.067422151565552
3125,8.222982287406921
3126,9.407603740692139
3127,8.212138414382935
3128,9.6375572681427
3129,8.880329728126526
3130,3.5580632090568542
3131,0.04676111042499542
3132,2.0216214656829834
3133,9.323848485946655
3134,9.394029378890991
3135,8.930760622024536
3136,8.568825721740723
3137,0.0430509727448225
3138,0.007343156612478197
3139,0.7277880609035492
3140,8.337588906288147
3141,0.144867692142725
3142,8.508773446083069
3143,8.85377287864685
3144,9.728533625602722
3145,7.727425694465637
3146,8.50781500339508
3147,6.202019453048706
3148,1.4859799648547778e-05
3149,9.915847778320312
3150,0.12723074294626713
3151,0.18545305356383324
3152,9.642308950424194
3153,0.18371615558862686
3154,0.013285333989188075
3155,0.00019778875866904855
3156,9.584628939628601
3157,8.827497959136963
3158,7.887599468231201
3159,9.744857549667358
3160,1.22352734208107
3161,0.029356314335018396
3162,0.044813742861151695
3163,2.1658559143543243
3164,9.08748984336853
3165,8.01825225353241
3166,8.13223123550415
3167,8.45144271850586
3168,9.293144941329956
3169,0.01346433418802917
3170,9.674196243286133
3171,8.945382237434387
3172,8.787971138954163
3173,8.442854285240173
3174,0.34712791442871094
3175,8.806756138801575
3176,9.312160015106201
3177,0.0010844458302017301
3178,7.15937614440918
3179,0.05851541645824909
3180,0.925191342830658
3181,9.893475770950317
3182,5.091531276702881
3183,8.669320344924927
3184,0.00013696094356419053
3185,0.569533184170723
3186,0.8120521903038025
3187,8.522631525993347
3188,0.9372667968273163
3189,9.71749722957611
3190,9.60794985294342
3191,9.535040259361267
3192,7.845133543014526
3193,0.017967785242944956
3194,8.32557499408722
3195,0.05033015739172697
3196,0.7168662548065186
3197,8.743325471878052
3198,6.433095932006836
3199,9.675741791725159
3200,8.854429721832275
3201,9.726431965827942
3202,9.39251184463501
3203,0.24411175400018692
3204,9.406740069389343
3205,8.561629056930542
3206,8.866762518882751
3207,0.02835898892953992
3208,0.0007788002403685823
3209,7.1401578187942505
3210,8.297945261001587
3211,0.006188761908560991
3212,9.195581078529358
3213,8.029829859733582
3214,6.089785099029541
3215,9.293177127838135
3216,9.46076214313507
3217,9.064459800720215
3218,0.013297582045197487
3219,6.017976403236389
3220,0.6317842751741409
3221,7.820842862129211
3222,6.975904107093811
3223,5.925414562225342
3224,9.144670963287354
3225,1.3930119574069977
3226,9.291580319404602
3227,9.17061984539032
3228,9.78951871395111
3229,0.0019908630929421633
3230,3.2946693897247314
3231,9.273218512535095
3232,0.32732080668210983
3233,7.31883704662323
3234,0.012673476012423635
3235,8.964985013008118
3236,7.98805296421051
3237,0.08750602602958679
3238,9.555936455726624
3239,9.560382962226868
3240,0.3514491021633148
3241,4.522177278995514
3242,8.930884003639221
3243,8.214802742004395
3244,7.231404781341553
3245,0.09298000484704971
3246,0.01940983347594738
3247,8.315292000770569
3248,7.166652083396912
3249,0.0002937856152129825
3250,0.1880468986928463
3251,9.334378242492676
3252,7.860042452812195
3253,8.902692198753357
3254,8.030987977981567
3255,1.3040247559547424
3256,0.02544981660321355
3257,0.2680346556007862
3258,7.627538442611694
3259,8.69840681552887
3260,3.2982173562049866
3261,9.677212238311768
3262,8.44916820526123
3263,9.56242561340332
3264,0.04341726657003164
3265,3.1648236513137817
3266,0.22573934867978096
3267,9.24691915512085
3268,5.323740243911743
3269,5.448318123817444
3270,8.506481647491455
3271,5.889865756034851
3272,0.03586244536563754
3273,8.935421705245972
3274,0.48401281237602234
3275,9.450629353523254
3276,0.1386862900108099
3277,0.04329481162130833
3278,7.739508748054504
3279,9.768476486206055
3280,9.531826972961426
3281,9.546146988868713
3282,8.610445857048035
3283,0.45901741832494736
3284,0.6183849275112152
3285,8.813392519950867
3286,9.058961272239685
3287,8.984975218772888
3288,8.68990957736969
3289,1.080675721168518
3290,9.59195852279663
3291,3.7391886115074158
3292,1.2917163968086243
3293,2.379297614097595
3294,8.881593346595764
3295,9.214352369308472
3296,9.89579975605011
3297,7.39402174949646
3298,7.5051480531692505
3299,8.750404119491577
3300,3.1496915221214294
3301,6.595594882965088
3302,0.873018354177475
3303,7.726059556007385
3304,7.730125188827515
3305,9.821714162826538
3306,9.879712462425232
3307,0.028930974658578634
3308,0.06891239900141954
3309,8.333555459976196
3310,1.8955649435520172
3311,1.3693414628505707
3312,8.35873544216156
3313,0.04989731125533581
3314,7.707942724227905
3315,2.398263067007065
3316,5.336177945137024
3317,0.16213098540902138
3318,9.268987774848938
3319,3.9653781056404114
3320,8.572754859924316
3321,8.845741748809814
3322,0.02858130494132638
3323,7.276477813720703
3324,0.31578466296195984
3325,0.0109160749707371
3326,9.67431902885437
3327,9.172045588493347
3328,7.329786419868469
3329,7.463129758834839
3330,0.8077837526798248
3331,6.088464260101318
3332,0.011716969311237335
3333,9.02583360671997
3334,9.39335286617279
3335,0.01682094414718449
3336,0.0016646664880681783
3337,0.15753788873553276
3338,0.07055789232254028
3339,9.694886207580566
3340,0.6448930501937866
3341,9.091445803642273
3342,7.845256328582764
3343,8.605442643165588
3344,9.150363802909851
3345,0.0003870234650094062
3346,9.221296906471252
3347,9.706019759178162
3348,9.208139777183533
3349,8.11831533908844
3350,7.203162312507629
3351,0.014091234188526869
3352,4.262610077857971
3353,0.8902023732662201
3354,9.811486601829529
3355,9.379010796546936
3356,3.48328173160553
3357,8.977025151252747
3358,9.333667159080505
3359,0.3016277402639389
3360,9.74867582321167
3361,0.007580684614367783
3362,0.0005994598177494481
3363,8.963392972946167
3364,0.0924939289689064
3365,9.276408553123474
3366,0.00020111330741201527
3367,0.4118087887763977
3368,8.945492506027222
3369,9.735864996910095
3370,8.889753818511963
3371,7.679334878921509
3372,5.510696172714233
3373,9.791539907455444
3374,9.712077975273132
3375,0.03391209291294217
3376,2.4858923256397247
3377,7.329012751579285
3378,9.857620000839233
3379,2.560730278491974
3380,9.597135186195374
3381,0.47354768961668015
3382,7.2048622369766235
3383,9.394630193710327
3384,2.549258768558502
3385,0.09561395272612572
3386,6.329018473625183
3387,9.725645184516907
3388,9.648283123970032
3389,0.4752375930547714
3390,9.799565076828003
3391,8.1407231092453
3392,9.821057319641113
3393,5.982387661933899
3394,0.1008360181003809
3395,6.809552907943726
3396,9.497256875038147
3397,7.692460417747498
3398,8.356584906578064
3399,2.0429660379886627
3400,0.9184392541646957
3401,8.886687159538269
3402,9.139626622200012
3403,9.874009490013123
3404,0.2380548045039177
3405,8.883261680603027
3406,6.696051359176636
3407,9.583901762962341
3408,8.774530291557312
3409,9.20070230960846
3410,7.867231369018555
3411,6.292903423309326
3412,9.30909514427185
3413,8.68683397769928
3414,8.547683954238892
3415,9.713132381439209
3416,7.924011945724487
3417,5.768170356750488
3418,9.094520807266235
3419,6.705431342124939
3420,0.008408909779973328
3421,0.2608577348291874
3422,8.383346796035767
3423,9.121780395507812
3424,2.542145848274231
3425,3.52908194065094
3426,0.2666734717786312
3427,0.021709217689931393
3428,9.461338520050049
3429,0.018353445921093225
3430,8.734543323516846
3431,8.803467154502869
3432,9.096908569335938
3433,8.833999633789062
3434,2.609178125858307
3435,0.08733532391488552
3436,8.825125098228455
3437,8.997952938079834
3438,6.5913403034210205
3439,8.963465690612793
3440,9.419546127319336
3441,7.07405686378479
3442,0.20212866365909576
3443,0.23592976853251457
3444,0.04282551817595959
3445,9.520595073699951
3446,0.21169885993003845
3447,7.49997079372406
3448,9.84238862991333
3449,9.266400337219238
3450,6.151999235153198
3451,5.946023464202881
3452,9.725946187973022
3453,0.2502831257879734
3454,9.253292083740234
3455,0.43073341250419617
3456,1.6501484811306
3457,0.0358162447810173
3458,8.129512071609497
3459,9.779781699180603
3460,8.528594374656677
3461,9.53494131565094
3462,8.814073204994202
3463,3.1289198994636536
3464,0.0007429979450535029
3465,8.910291194915771
3466,9.55564558506012
3467,0.07632607128471136
3468,8.107466697692871
3469,8.423369526863098
3470,9.707828164100647
3471,9.177144765853882
3472,4.300608038902283
3473,9.225777983665466
3474,8.901439309120178
3475,1.9328118860721588
3476,9.28668737411499
3477,0.7889647781848907
3478,8.046357035636902
3479,0.011818289058282971
3480,8.613321185112
3481,0.003120750479865819
3482,8.703502416610718
3483,9.066320657730103
3484,6.622325145144714e-05
3485,9.397963285446167
3486,0.1319556124508381
3487,8.940019607543945
3488,8.539354801177979
3489,7.28466272354126
3490,1.1950121819972992
3491,8.700101375579834
3492,0.24271370843052864
3493,0.011653135297819972
3494,0.0006208215927472338
3495,9.818310141563416
3496,9.410491585731506
3497,9.748083353042603
3498,9.688582420349121
3499,0.23515798151493073
3500,9.331918358802795
3501,0.01821631332859397
3502,2.8201863169670105
3503,9.87980306148529
3504,1.851249486207962
3505,3.2864639163017273
3506,9.358320832252502
3507,9.002531170845032
3508,4.1881063580513
3509,0.06647652480751276
3510,9.564160108566284
3511,9.480149745941162
3512,2.2032369673252106
3513,9.582122564315796
3514,2.1705617010593414
3515,9.061075448989868
3516,7.29395866394043
3517,9.02513325214386
3518,5.0664061307907104
3519,6.431990265846252
3520,7.169184684753418
3521,8.376056551933289
3522,0.8804425597190857
3523,9.006791710853577
3524,9.231802821159363
3525,0.3510729596018791
3526,9.02513325214386
3527,0.01838231342844665
3528,8.216060996055603
3529,7.146314382553101
3530,9.322726726531982
3531,9.397945404052734
3532,3.2400475902250037e-05
3533,8.855750560760498
3534,9.515502452850342
3535,5.973333716392517
3536,0.3814014047384262
3537,9.617670178413391
3538,7.772907018661499
3539,8.782795667648315
3540,0.015688997227698565
3541,6.385101079940796
3542,7.521669268608093
3543,9.062277674674988
3544,8.58599066734314
3545,9.18816864490509
3546,2.8662238946708385e-05
3547,2.8924334049224854
3548,7.814083695411682
3549,9.621525406837463
3550,7.579994201660156
3551,0.00484173622680828
3552,3.1137236952781677
3553,9.378662705421448
3554,0.6555832922458649
3555,0.4199153929948807
3556,9.735897779464722
3557,9.236876368522644
3558,9.26501452922821
3559,2.0531395077705383
3560,8.216567039489746
3561,9.295715689659119
3562,0.030432874336838722
3563,0.7558677345514297
3564,9.742058515548706
3565,0.8780288696289062
3566,9.510061144828796
3567,3.821340501308441
3568,8.451323509216309
3569,6.00125622440828e-05
3570,0.05217115394771099
3571,0.3760875016450882
3572,0.12671718373894691
3573,6.068313717842102
3574,9.193618893623352
3575,8.425237536430359
3576,6.535316705703735
3577,8.834296464920044
3578,0.13648519292473793
3579,8.021246790885925
3580,0.007080281502567232
3581,0.01177852158434689
3582,9.640462398529053
3583,9.471800327301025
3584,0.9485872834920883
3585,2.5308039784431458
3586,9.79365587234497
3587,2.9609790444374084
3588,9.754491448402405
3589,9.82930064201355
3590,9.661195278167725
3591,0.15459517017006874
3592,3.881412446498871
3593,2.1494758129119873
3594,0.5477602407336235
3595,9.762648940086365
3596,9.420631527900696
3597,0.00028766036848537624
3598,6.670374274253845
3599,9.15334701538086
3600,0.11768283322453499
3601,8.938199877738953
3602,8.859919309616089
3603,0.7137823849916458
3604,7.872413992881775
3605,0.9664968401193619
3606,8.63884150981903
3607,4.2709556221961975
3608,9.133350253105164
3609,9.184548258781433
3610,0.09645004756748676
3611,8.388338088989258
3612,8.749758005142212
3613,0.14399913139641285
3614,0.004642462299671024
3615,0.04832199774682522
3616,9.184617400169373
3617,0.0047509989235550165
3618,7.447027564048767
3619,9.227377772331238
3620,9.542227983474731
3621,9.535253643989563
3622,4.6075597405433655
3623,0.16416193917393684
3624,0.34940458834171295
3625,5.4437267780303955
3626,7.884102463722229
3627,9.386622905731201
3628,9.422131776809692
3629,9.095776677131653
3630,8.276119232177734
3631,8.362715244293213
3632,1.341712325811386
3633,8.198878765106201
3634,9.12795603275299
3635,6.504361033439636
3636,8.830540180206299
3637,5.225322842597961
3638,2.043386846780777
